{
    "Groenlandia - Sermeq Kujalleq [Jakobshavn Isbræ]": [69.13788, -49.55383],
    "Groenlandia - Helheim": [66.36464, -38.2077],
    "Groenlandia - Narssap Sermia": [64.64506, -49.94934],
    "Groenlandia - Zachariae Isstrøm": [78.90276, -20.56091],
    "Canadian Arctic - Trinity Glacier": [77.96044, -78.5495],
    "Svalvard - Storiestrømmen": [79.50065, 24.64783],
    "Alaska - Malaspina": [60.08343, -140.46707],
    "Alaska - Hubbard": [60.04075, -139.41101],
    "Alaska - Columbia Glacier": [61.18993, -146.93939]
}